brand,model,year,price,mileage
toyota,cruiser,2008,6300,274117
ford,se,2011,2899,190552
dodge,mpv,2018,5350,39590
ford,door,2014,25000,64146
chevrolet,1500,2018,27700,6654
dodge,mpv,2018,5700,45561
chevrolet,pk,2010,7300,149050
gmc,door,2017,13350,23525
chevrolet,malibu,2018,14600,9371
ford,mpv,2017,5250,63418
dodge,coupe,2009,10400,107856
gmc,mpv,2017,12920,39650
chevrolet,1500,2018,31900,22909
chrysler,wagon,2017,5430,138650
ford,door,2013,20700,100757
gmc,door,2017,12710,25747
kia,forte,2018,5200,46194
buick,encore,2018,16500,20002
ford,mpv,2017,5210,35714
ford,door,2013,38100,54380
gmc,door,2017,12520,30114
kia,forte,2018,7300,38823
chevrolet,door,2015,15000,61578
ford,mpv,2017,6180,46010
ford,door,2013,20800,105510
gmc,door,2017,11900,28040
kia,sorento,2020,21500,11451
buick,door,2014,12000,31039
ford,doors,2017,4190,44174
ford,chassis,2008,13000,93698
gmc,door,2017,12710,26364
infiniti,q70,2016,18500,71967
chevrolet,camaro,1973,29800,46226
ford,mpv,2017,5330,37792
ford,convertible,2003,13000,58817
gmc,door,2017,11900,27965
mercedes-benz,vans,2016,16600,110907
chevrolet,1500,2018,19200,2430
ford,mpv,2017,7320,32366
ford,pk,2003,7000,176567
gmc,door,2017,12710,30049
mercedes-benz,vans,2016,16600,97983
chevrolet,1500,2018,30500,30442
ford,mpv,2017,6330,38123
ford,srw,2017,55000,15273
gmc,door,2017,12520,28972
jeep,compass,2019,16200,30061
chevrolet,malibu,2017,19000,18414
dodge,mpv,2017,5580,46829
ford,srw,2017,54000,26241
gmc,mpv,2017,12710,39886
jeep,compass,2019,16000,31594
buick,enclave,2017,27000,32107
ford,mpv,2017,7760,44794
chrysler,300,2019,19600,42648
gmc,mpv,2017,12920,39165
jeep,cherokee,2019,20000,38355
buick,door,2017,18100,46766
chrysler,pacifica,2020,23000,2473
chrysler,300,2019,18500,38586
gmc,door,2017,13490,27842
jeep,cherokee,2019,20700,31156
chevrolet,door,2017,17800,52435
ford,door,2017,6650,29942
chrysler,pacifica,2019,29100,25281
gmc,door,2017,12710,32504
jeep,cherokee,2019,21100,28649
chevrolet,door,2017,18600,35200
ford,door,2017,4340,25602
chrysler,300,2019,19300,34801
gmc,door,2017,12780,31009
jeep,compass,2019,15800,35595
bmw,x3,2017,29400,23765
ford,door,2017,4430,31792
chrysler,300,2019,19400,33135
gmc,door,2017,12520,30636
jeep,compass,2019,15900,34502
buick,door,2017,26400,25434
ford,door,2017,4140,36732
chrysler,300,2019,18300,41792
gmc,door,2017,12520,31992
jeep,compass,2019,17900,32501
chevrolet,camaro,2017,18300,28395
ford,door,2017,4640,36139
ford,door,2016,24000,84413
gmc,door,2017,13200,33457
jeep,compass,2019,18000,29245
chevrolet,equinox,2017,14900,12783
ford,door,2017,4140,17617
ford,door,2016,11500,36855
ford,door,2017,9110,110316
chrysler,door,2015,7350,88227
bmw,door,2017,24500,17626
ford,door,2017,9300,120353
dodge,challenger,2015,39800,3641
bmw,m,2017,53500,29355
ford,door,2017,15110,39333
ford,door,2015,34000,42930
chevrolet,colorado,2017,26502,24993
ford,mpv,2017,5990,44929
ford,focus,2018,13600,16971
cadillac,door,2017,23605,35598
ford,mpv,2017,10780,40455
ford,focus,2018,13800,23164
cadillac,door,2017,25201,19011
ford,mpv,2017,7070,45191
ford,focus,2018,8700,21405
chevrolet,malibu,2017,18003,19117
ford,door,2017,8530,42104
dodge,durango,2018,23100,49496
cadillac,door,2017,24500,32418
ford,mpv,2017,7000,29882
ford,escape,2018,17000,34819
chevrolet,1500,2017,34002,31923
ford,mpv,2017,6980,29168
dodge,charger,2018,25000,28307
chevrolet,colorado,2017,20802,33791
ford,door,2017,9200,21770
chrysler,pacifica,2017,26500,18375
chevrolet,colorado,2017,24802,14158
ford,mpv,2017,7070,30318
ford,door,2017,28500,48086
cadillac,door,2017,47500,26562
ford,explorer,2017,23500,57611
chevrolet,colorado,2017,23505,47357
ford,door,2017,10940,84916
ford,f-150,2017,32100,24521
chevrolet,3500,2018,53000,16105
ford,mpv,2017,6830,35888
dodge,caravan,2017,11900,59537
chevrolet,1500,2017,26414,55222
dodge,mpv,2018,4160,32870
chevrolet,door,2017,19405,39687
dodge,mpv,2018,5690,47085
chrysler,van,2017,25900,32224
chevrolet,1500,2017,24005,51293
dodge,mpv,2018,5090,42989
chrysler,300,2017,19500,31311
chevrolet,1500,2017,32012,46091
dodge,dart,2016,6800,49033
dodge,mpv,2018,4260,33957
dodge,van,2008,0,177948
chevrolet,2500,2017,31802,19845
dodge,doors,2018,7210,38910
dodge,door,2014,0,123660
chevrolet,1500,2017,28402,31234
dodge,doors,2018,6800,36767
cadillac,esv,2015,33300,57932
dodge,mpv,2018,10780,19420
ford,cutaway,2014,6700,204155
chevrolet,1500,2016,20000,93493
chrysler,doors,2018,6440,20942
ford,door,2016,19900,86826
chevrolet,door,2015,37000,45787
dodge,mpv,2018,4040,50765
ford,explorer,2016,22300,62774
chevrolet,door,2011,31200,76326
dodge,mpv,2018,4290,39029
ford,el,2016,22800,72885
cadillac,door,2016,19002,46467
dodge,mpv,2018,4160,6743
ford,edge,2016,18500,33514
bmw,series,2016,39000,39917
dodge,doors,2018,6060,32504
ford,door,2016,28800,77638
bmw,series,2016,40000,31727
dodge,doors,2018,6140,52966
ford,flex,2016,21000,24157
buick,door,2016,20105,51393
dodge,doors,2018,6760,35461
ford,door,2014,25800,47055
bmw,series,2016,39000,33110
dodge,mpv,2018,5470,39721
ford,door,2014,14600,75785
chevrolet,1500,2016,24502,33624
ford,door,2017,15110,42289
ford,door,2014,7900,79422
chevrolet,door,2016,27305,28844
ford,door,2017,15290,66582
ford,door,2015,26500,61436
chevrolet,door,2016,25502,58303
ford,mpv,2017,7320,55618
chevrolet,van,2009,3800,261648
chevrolet,door,2016,24502,33045
ford,door,2017,4140,40747
dodge,pk,2002,1400,185460
cadillac,srx,2016,18402,26667
ford,door,2017,4160,37176
chrysler,door,2000,175,231240
chevrolet,colorado,2016,24503,18006
ford,door,2017,15840,72445
ford,door,2014,20500,123355
chevrolet,1500,2016,21003,44116
ford,door,2017,4200,60219
ford,door,2011,17400,135077
chevrolet,door,2016,32001,32058
ford,mpv,2017,0,76858
ford,cab,2011,15700,309564
chevrolet,door,2016,31009,33928
ford,wagon,2017,3740,90618
dodge,pickup,2001,5000,109360
chevrolet,door,2016,31002,71809
ford,doors,2017,3160,31563
dodge,pickup,2005,8600,219823
chevrolet,malibu,2018,6000,42090
ford,door,2017,12990,126523
chevrolet,vehicl,2020,25,7232
buick,encore,2017,13200,60171
ford,wagon,2017,4410,209915
chrysler,door,2005,25,151815
chevrolet,camaro,2020,22500,13826
ford,mpv,2017,7420,55854
ford,door,2016,13500,45757
chevrolet,trax,2020,15500,16545
ford,door,2017,3540,112893
ford,door,2016,17000,126802
chevrolet,tahoe,2020,45500,13303
ford,door,2017,4130,34061
ford,door,2015,15700,70251
chevrolet,tahoe,2020,45500,13679
ford,doors,2017,4130,42426
dodge,door,2012,15500,66452
chevrolet,trax,2020,16300,18221
ford,mpv,2017,4530,41455
dodge,door,2011,15600,35275
chevrolet,tahoe,2020,45500,13885
ford,door,2017,4100,38815
dodge,door,2011,18200,162281
chevrolet,door,2013,10200,56479
ford,doors,2017,4080,61027
ford,van,2014,5700,178703
chevrolet,3500,2014,10200,173469
ford,door,2017,5000,37321
ford,door,2014,1700,112789
bmw,door,2011,6200,80394
ford,door,2016,3650,68142
dodge,door,2014,10500,74203
chevrolet,2500,2018,43500,57604
dodge,van,2016,4610,87229
ford,door,2012,3450,90711
chevrolet,suburban,2018,38500,11135
ford,mpv,2016,6810,66781
ford,cargo,2011,2900,190994
chevrolet,2500,2018,43500,56007
ford,mpv,2016,4450,32486
ford,door,2011,5800,195908
chevrolet,equinox,2018,16500,18020
dodge,mpv,2016,4240,83262
ford,pickup,2008,26500,62015
chevrolet,equinox,2017,13700,36421
ford,door,2016,8600,73321
ford,chassis,2008,8000,132379
chevrolet,equinox,2017,14200,28013
ford,mpv,2016,7040,33291
ford,chassis,2005,4700,225236
chevrolet,door,2016,30851,43176
ford,mpv,2016,4880,36876
dodge,pickup,2006,14500,111782
chevrolet,door,2017,7600,110489
ford,door,2016,13270,84035
ford,door,2012,12800,131101
chevrolet,1500,2018,33000,52521
ford,door,2016,9280,101380
ford,van,2003,900,142027
ford,door,2016,7560,111476
ford,drw,2011,19500,76897
chevrolet,malibu,2019,17100,15780
ford,door,2016,8020,31944
ford,fiesta,2019,10300,18937
chevrolet,van,2019,22600,9706
ford,doors,2016,10480,57289
ford,fiesta,2019,10300,19956
chevrolet,van,2019,22700,6075
ford,door,2016,7410,21034
ford,fiesta,2019,10300,22881
chevrolet,door,2013,10300,167600
ford,door,2016,7570,37252
dodge,challenger,2019,67000,10944
chevrolet,impala,2019,18900,27601
ford,doors,2019,12560,15958
dodge,durango,2019,33000,32251
chevrolet,impala,2019,18300,25809
ford,cab,2017,11760,30553
dodge,durango,2019,31700,26549
dodge,door,2007,25,160528
ford,door,2000,0,124969
ford,doors,2019,7340,15854
hyundai,door,2017,8200,56690
kia,door,2013,3000,97142
jeep,mpv,2019,6530,10185
mazda,door,2009,0,117541
kia,soul,2019,12700,23514
kia,sorento,2017,13800,86959
chevrolet,pickup,1998,0,258631
ford,door,2017,725,67279
ford,doors,2019,7400,16482
hyundai,elantra,2017,9800,35687
honda,door,2003,0,152608
jeep,mpv,2019,4400,17911
infiniti,mpv,2019,10330,21278
chevrolet,door,2011,1800,47269
chevrolet,door,2008,50,172102
ford,wagon,2006,720,26914
ford,door,2017,22800,67217
ford,door,2017,2500,78698
ford,door,2003,0,246065
gmc,mpv,2017,9190,41961
jeep,mpv,2019,10900,13273
infiniti,mpv,2019,10400,31713
chevrolet,door,2004,0,0
chevrolet,door,2003,0,194673
chevrolet,pickup,2008,7320,325611
ford,f-150,2017,22809,50732
ford,van,1998,0,186855
ford,door,2013,0,94004
gmc,mpv,2017,5520,52904
jeep,mpv,2019,10900,14195
jeep,mpv,2019,6330,43965
chevrolet,door,2009,0,117059
chevrolet,pickup,2010,25,149189
dodge,door,2007,2320,112182
ford,door,2017,23702,49024
ford,chassis,1994,0,0
ford,door,1997,0,203297
gmc,mpv,2017,5520,35821
heartland,pioneer,2018,4050,1
infiniti,mpv,2019,14810,32611
chevrolet,door,2011,25,105244
chrysler,van,2008,2960,164048
ford,door,2017,24800,46955
ford,door,1996,0,296860
ford,door,2006,0,203158
gmc,mpv,2017,6270,70443
heartland,trail,2012,1880,1
infiniti,mpv,2019,10050,18229
chevrolet,door,2014,225,87673
chevrolet,traverse,2018,26900,42941
chrysler,door,2007,1420,104405
ford,door,2017,27003,57186
ford,door,2002,0,214800
ford,door,2004,350,236980
gmc,mpv,2017,5600,59808
heartland,country,2011,6680,1
infiniti,mpv,2019,10120,20681
chevrolet,door,2010,0,137422
ford,door,2015,3920,102700
ford,door,2017,23100,53270
gmc,door,2004,0,235348
gmc,mpv,2017,5630,27195
heartland,sundance,2009,0,1
jaguar,doors,2019,2800,20849
chevrolet,door,2008,0,159266
ford,door,2015,8850,143818
ford,f-150,2017,18712,67347
ford,pickup,2009,0,180364
ford,door,2009,0,184889
gmc,mpv,2017,6300,117400
heartland,country,2010,2220,1
jeep,mpv,2019,6930,47798
chevrolet,door,2008,25,130623
ford,door,2015,3440,124542
ford,door,2017,50412,47129
ford,pickup,1994,25,206162
ford,pk,2001,950,229886
gmc,mpv,2017,9270,19490
jeep,mpv,2019,11380,12038
hyundai,mpv,2019,5350,43536
chevrolet,door,2004,2725,308451
ford,door,2015,3790,100893
ford,door,2017,40514,90304
ford,door,1997,0,146912
ford,door,1998,0,131367
gmc,mpv,2017,9190,31394
infiniti,mpv,2019,10330,25933
acura,door,2008,1000,118250
bmw,door,2013,2925,46060
ford,door,2015,3830,50593
ford,door,2017,43402,62387
gmc,door,2009,1025,169634
honda,van,2016,17200,72527
harley-davidson,road/street,2016,54680,9502
honda,door,2010,6940,217290
infiniti,mpv,2019,13080,17243
chevrolet,door,2007,25,194903
ford,door,2015,10630,82899
ford,door,2017,43009,76418
gmc,door,2003,25,138441
ford,pickup,2006,4600,240740
honda,mpv,2016,4950,71404
hyundai,doors,2019,3760,30382
acura,door,2009,3900,179389
cadillac,coupe,2000,0,105169
ford,door,2015,3830,82534
ford,door,2017,53500,55732
ford,door,2010,25,198596
ford,door,1998,25,300021
honda,door,2015,6240,83623
jeep,door,2014,4150,108895
jeep,door,1999,25,226972
bmw,series,2020,61200,7509
buick,door,2006,0,137464
bmw,series,2014,13500,33542
ford,door,2015,6490,74754
ford,door,2017,51502,27661
ford,door,2010,250,115241
ford,door,1984,25,41577
honda,van,2015,8160,109027
jeep,door,2014,7770,72732
jeep,door,2001,200,126400
audi,door,2008,25,177422
chevrolet,door,1995,0,274706
bmw,coupe,2008,1825,77984
bmw,series,2017,39800,23177
ford,door,2015,9210,26911
ford,srw,2019,58500,21527
ford,door,2014,125,56461
honda,door,2015,3960,95128
hyundai,doors,2014,5998,122975
honda,doors,2014,3700,162824
kia,wagon,2008,0,148463
audi,door,2005,0,181896
bmw,door,2000,0,216657
gmc,door,2012,5000,140339
infiniti,mpv,2019,15050,26786
hyundai,doors,2019,3960,35623
lincoln,nautilus,2019,36300,14541
lexus,gx,2020,55600,8186
nissan,doors,2018,2630,36739
nissan,mpv,2017,5690,42616
audi,q5,2017,19500,65833
chevrolet,coupe,2008,450,123515
cadillac,door,2015,20400,36122
chevrolet,door,2011,4320,88359
ford,f-150,2017,33001,35905
ford,door,2017,10000,35747
ford,door,2004,0,167011
gmc,door,2012,5790,105020
infiniti,mpv,2019,14750,11047
hyundai,doors,2019,4010,31233
mercedes-benz,gle,2019,40000,19427
kia,sportage,2017,13000,71991
nissan,doors,2018,3550,29043
nissan,doors,2017,3040,36064
chevrolet,coupe,2008,0,270080
audi,5,2015,36400,47213
ford,door,2011,4480,116480
ford,door,2017,31003,72084
ford,pickup,2001,75,295780
gmc,door,2011,8850,148035
infiniti,mpv,2019,14750,11396
hyundai,mpv,2019,4690,33785
land,sport,2018,23000,20103
land,discovery,2018,46900,32387
mercedes-benz,doors,2018,10740,48140
nissan,doors,2017,3160,34861
chevrolet,door,2006,0,268040
chrysler,door,2011,3450,114119
ford,f-150,2017,27102,34165
gmc,door,2018,500,27442
gmc,door,2011,5100,144792
infiniti,mpv,2019,15010,11394
jeep,mpv,2019,5800,30546
land,sport,2018,23200,23745
hyundai,door,2015,8000,88274
nissan,doors,2018,3390,38349
nissan,doors,2017,3140,30142
chevrolet,door,2007,25,267834
bmw,door,2014,15000,44730
chevrolet,cab,2011,10440,92476
ford,f-150,2017,23911,25698
ford,pk,2010,25,155242
gmc,acadia,2018,21400,54332
gmc,cab,2011,5380,119215
jeep,mpv,2019,11000,8930
jeep,mpv,2019,4950,46985
land,sport,2018,22500,30220
maserati,ghibli,2017,30300,37021
nissan,doors,2018,2630,43152
nissan,doors,2017,3140,34318
chevrolet,door,2011,2300,88287
chevrolet,door,2011,4310,105486
ford,door,2017,26012,19850
ford,door,2014,75,116535
gmc,1500,2019,48500,15777
gmc,mpv,2009,3330,87448
jeep,mpv,2019,11200,8395
hyundai,mpv,2019,4730,30121
mercedes-benz,glc,2018,24900,33687
mercedes-benz,e-class,2017,29400,37561
nissan,cab,2018,8350,32256
peterbilt,truck,2012,475,902041
nissan,doors,2017,3210,25255
chevrolet,van,2006,25,165327
chevrolet,cutaway,2006,4200,118009
chevrolet,utility,2011,8430,114547
ford,f-150,2017,25503,18647
ford,pickup,1996,0,252588
gmc,limited,2019,26000,16669
honda,doors,2017,3900,47970
jeep,mpv,2019,11200,12905
jeep,mpv,2019,8610,22123
mercedes-benz,gle,2018,28000,40780
mercedes-benz,sl-class,2017,84900,25302
lexus,mpv,2017,10840,36596
peterbilt,truck,2012,100,0
ram,door,2017,11050,30421
chevrolet,door,2012,0,134938
chevrolet,door,2005,1000,135675
dodge,door,2015,3570,17355
ford,door,2017,25001,27773
ford,door,2010,0,86841
gmc,mpv,2017,5630,58366
jeep,mpv,2019,11100,11229
hyundai,mpv,2019,4650,27492
lincoln,door,2005,0,89705
nissan,mpv,2016,3820,41654
peterbilt,truck,2009,0,982486
nissan,doors,2017,2900,31954
chevrolet,door,2008,50,172102
chevrolet,pickup,2004,5100,173321
dodge,door,2015,4700,93423
ford,f-150,2017,29502,14053
ford,door,2008,0,145483
honda,door,2017,6160,25956
jeep,mpv,2019,10910,12253
hyundai,doors,2019,3440,34895
mazda,cx-3,2016,16000,47753
kia,door,2016,3810,39408
peterbilt,truck,2010,1025,1017936
nissan,doors,2017,3020,33599
chevrolet,door,2003,0,194673
chevrolet,pickup,2003,2000,507985
ford,door,2010,3870,185983
ford,door,2017,24811,28464
ford,door,2007,75,154989
honda,doors,2017,5420,16702
jeep,mpv,2019,11100,11449
hyundai,mpv,2019,4750,25847
mercedes-benz,door,2015,17900,49772
nissan,door,2015,3800,83915
nissan,doors,2017,3160,40306
chevrolet,pickup,2010,25,149189
chevrolet,door,2001,1200,149543
chevrolet,coupe,2010,6470,69622
ford,door,2017,26400,36295
gmc,door,1993,0,0
gmc,2500hd,2018,32500,14856
honda,mpv,2017,6900,44129
jeep,mpv,2019,11030,10861
hyundai,door,2012,3460,142106
mercedes-benz,door,2015,18000,82411
hyundai,door,2015,3250,111612
nissan,doors,2017,3210,35251
chevrolet,door,2017,13200,50408
ford,f-150,2019,27705,15630
chevrolet,door,2017,7200,53273
ford,f-150,2019,28714,14786
chevrolet,door,2017,11200,85315
ford,f-150,2019,27502,16146
chevrolet,door,2017,11900,76211
ford,f-150,2019,29314,15265
chevrolet,door,2017,11200,79965
ford,f-150,2019,27002,16059
chevrolet,door,2017,13200,62739
ford,f-150,2019,28214,15569
chevrolet,door,2017,12700,58932
ford,f-150,2019,29900,17488
chevrolet,door,2017,12700,60733
ford,f-150,2019,27202,18550
chevrolet,impala,2018,13500,53194
ford,f-150,2019,27705,17644
chevrolet,van,2016,14700,34454
ford,f-150,2019,29900,17684
chevrolet,door,2015,4500,83279
ford,f-150,2019,27705,16600
chevrolet,door,2015,8000,107971
ford,f-150,2019,25511,17801
chevrolet,colorado,2015,7700,94150
ford,f-150,2019,29900,17159
chevrolet,van,2015,7200,80711
ford,f-150,2019,27502,17983
chevrolet,door,2013,4500,119981
ford,f-150,2019,27402,17851
chevrolet,sonic,2013,1500,66079
ford,f-150,2019,26602,18174
chevrolet,sonic,2019,10200,7654
ford,f-150,2019,29900,18759
chevrolet,colorado,2019,14000,11564
ford,f-150,2019,28500,18901
chevrolet,door,2016,8000,86541
ford,f-150,2019,29809,21157
chevrolet,corvette,2015,36900,29937
ford,f-150,2019,26902,23964
chevrolet,door,2015,10950,58504
ford,f-150,2019,27402,20154
acura,mdx,2014,16900,63500
ford,f-150,2019,25600,23294
bmw,series,2016,29700,24293
ford,f-150,2019,27702,20343
buick,encore,2016,13500,19655
ford,f-150,2019,27102,19100
ford,f-150,2019,27102,20014
ford,f-150,2019,25811,21774
ford,f-150,2019,26602,21201
ford,f-150,2019,27102,21766
buick,enclave,2019,37500,12406
ford,flex,2019,26211,17977
ford,flex,2019,24205,22805
cadillac,xt5,2019,37500,16013
ford,flex,2019,27111,14382
ford,flex,2019,27411,9660
ford,flex,2019,27302,18969
ford,f-150,2019,27202,24730
ford,flex,2019,26311,15847
ford,f-150,2019,26602,25009
bmw,series,2017,33500,22115
ford,flex,2019,27511,11836
buick,door,2017,21500,23765
ford,f-150,2019,27200,25508
ford,flex,2019,26511,18196
ford,flex,2019,24002,16106
buick,door,2017,21500,14907
ford,fusion,2019,18511,12735
kia,sorento,2017,14000,53424
buick,door,2017,29000,17940
ford,flex,2019,23402,17417
kia,door,2017,13300,37125
bmw,x3,2017,19700,61428
ford,flex,2019,23211,17025
kia,sorento,2017,15500,37668
ford,fusion,2019,18111,15805
kia,sorento,2017,21500,43761
ford,mustang,2019,25511,11342
chevrolet,equinox,2017,17700,35664
chevrolet,cutaway,2017,28000,12780
chevrolet,door,2017,14000,38458
chevrolet,door,2017,21700,34420
chevrolet,door,2017,13500,46497
chevrolet,1500,2017,35500,21268
chevrolet,1500,2017,29500,31029
chevrolet,1500,2017,25300,40878
chevrolet,1500,2016,21500,20270
chevrolet,door,2016,25900,32984
chevrolet,door,2016,35300,75506
chevrolet,door,2016,13500,39951
chevrolet,corvette,2016,62000,19403
chevrolet,corvette,2016,46000,4445
chevrolet,malibu,2016,9000,67527
chevrolet,door,2016,25900,33588
chevrolet,door,2016,25800,10103
chevrolet,door,2016,17000,26474
chevrolet,door,2016,12800,40253
chevrolet,3500,2016,47400,39624
chevrolet,door,2016,24400,48705
chevrolet,trax,2016,17100,19659
chevrolet,door,2015,7400,91299
chevrolet,door,2015,33100,81614
chevrolet,trax,2020,22000,179
chevrolet,1500,2019,35000,5523
chevrolet,equinox,2019,16500,29841
chevrolet,1500,2019,35300,8516
chevrolet,traverse,2018,26900,42941
chevrolet,trax,2017,11600,27498
chevrolet,1500,2017,28100,31141
chevrolet,1500,2017,27700,20784
chevrolet,passenger,2017,17700,52667
chevrolet,volt,2017,16600,26003
chevrolet,corvette,2016,63200,4266
chevrolet,door,2015,36800,32332
chevrolet,passenger,2018,19500,44333
chevrolet,tahoe,2019,38800,36198
chevrolet,tahoe,2019,37500,33331
chevrolet,suburban,2019,35000,43082
chevrolet,camaro,2019,31100,24561
chevrolet,van,2019,22600,13485
chevrolet,van,2019,22400,15524
chevrolet,van,2019,22700,8996
chevrolet,malibu,2019,13700,47282
chevrolet,suburban,2019,37100,34470
chevrolet,colorado,2018,18500,87264
chevrolet,2500,2017,18300,114344
chevrolet,2500,2017,19000,111635
chevrolet,1500,2017,18500,103955
chevrolet,door,2016,22500,66640
chevrolet,door,2014,14500,122018
chevrolet,tahoe,2018,32800,46915
chevrolet,malibu,2018,12300,53599
chevrolet,1500,2018,19600,41672
chevrolet,malibu,2018,13600,36047
chevrolet,spark,2018,7200,42561
chevrolet,1500,2018,19900,40345
chevrolet,malibu,2018,13000,41751
chevrolet,door,2016,19700,27593
chevrolet,door,2017,9400,24009
chevrolet,1500,2017,23800,85697
chevrolet,equinox,2019,17700,25223
chevrolet,door,2015,17000,27927
chevrolet,door,2014,14000,135127
chevrolet,2500,2018,32100,55532
chevrolet,2500,2019,33100,72172
chevrolet,2500,2018,31600,57751
chevrolet,door,2013,5100,96314
chevrolet,door,2013,4100,89152
chevrolet,door,2014,7200,114660
chevrolet,1500,2014,12800,177322
chevrolet,1500,2019,46800,36423
chevrolet,van,2019,21800,23759
chevrolet,door,2013,3000,120667
chevrolet,colorado,2017,22500,65344
chevrolet,suburban,2018,35300,51347
chevrolet,volt,2017,16500,52322
chevrolet,door,2017,33000,67620
chevrolet,1500,2017,31500,59965
chevrolet,1500,2017,34500,28739
chevrolet,trax,2016,8000,77429
chevrolet,1500,2017,25000,20847
chevrolet,trax,2016,10700,44280
chevrolet,door,2016,13400,86031
chevrolet,equinox,2019,16500,7622
chevrolet,traverse,2019,34000,8067
chevrolet,trax,2018,14100,16502
chevrolet,1500,2019,38600,20681
chevrolet,door,2016,9100,54655
chevrolet,door,2016,8600,57825
chevrolet,door,2016,22000,58856
chevrolet,colorado,2015,8900,85072
chevrolet,door,2015,15500,79506
chevrolet,door,2015,3300,85301
chevrolet,1500,2015,29000,69377
chevrolet,equinox,2020,17300,15577
chevrolet,traverse,2020,30500,23470
chevrolet,impala,2020,25000,18715
chevrolet,cruze,2012,2800,61258
chevrolet,door,2012,3300,131791
chevrolet,suburban,2019,36400,35705
chevrolet,suburban,2019,34800,48982
chevrolet,ld,2019,20700,33745
chevrolet,suburban,2019,32200,42267
chevrolet,tahoe,2019,35300,46863
chevrolet,suburban,2019,33500,36443
chevrolet,impala,2019,13700,14939
chevrolet,malibu,2019,15900,22026
chevrolet,suburban,2019,33200,38278
chevrolet,suburban,2019,35500,46149
chevrolet,suburban,2018,29800,48427
chevrolet,suburban,2018,29800,48807
chevrolet,suburban,2018,29500,52618
chevrolet,suburban,2018,30300,46494
chevrolet,1500,2018,24300,56296
chevrolet,suburban,2017,29800,33909
chevrolet,suburban,2017,29800,33028
chevrolet,camaro,2016,27500,44653
chevrolet,door,2017,10800,80516
chevrolet,van,2017,11500,105151
chevrolet,van,2017,10400,78368
chevrolet,equinox,2018,11400,78956
chevrolet,equinox,2018,11400,88564
chevrolet,door,2015,8000,78800
chevrolet,door,2012,3000,111856
chevrolet,door,2015,25000,80946
chevrolet,traverse,2017,12300,83168
chevrolet,traverse,2017,14100,58606
chevrolet,van,2014,9000,82020
chevrolet,door,2014,4200,102500
chevrolet,van,2019,22500,8150
chevrolet,van,2019,22600,6159
chevrolet,van,2019,22600,5938
chevrolet,van,2019,22500,9019
chevrolet,malibu,2018,10200,45836
chevrolet,3500,2016,42700,60215
chevrolet,tahoe,2015,21200,125507
chevrolet,door,2016,22700,90944
chevrolet,tahoe,2015,22000,82785
chevrolet,1500,2014,9600,150525
chevrolet,door,2013,10500,112267
chevrolet,door,2013,6700,139394
chevrolet,door,2013,14200,82543
chevrolet,equinox,2019,15500,13532
chevrolet,1500,2018,35100,14751
chevrolet,camaro,2018,26300,11150
chevrolet,colorado,2016,15700,91248
chevrolet,1500,2016,17600,65336
chevrolet,1500,2016,18600,48974
chevrolet,1500,2016,19100,40011
chevrolet,equinox,2019,15200,37444
chevrolet,equinox,2019,16100,43199
chevrolet,equinox,2019,14800,43589
chevrolet,equinox,2019,16700,32870
chevrolet,equinox,2019,15300,38826
chevrolet,equinox,2019,16500,33739
chevrolet,passenger,2019,19600,35309
chevrolet,impala,2019,15200,32248
chevrolet,impala,2019,15000,36165
chevrolet,impala,2019,15500,29922
chevrolet,impala,2019,15700,26848
chevrolet,impala,2019,14800,41163
chevrolet,cruze,2017,9200,32856
chevrolet,impala,2017,8200,100315
chevrolet,door,2013,11400,91638
chevrolet,door,2015,6500,83173
chevrolet,door,2014,11500,94356
chevrolet,door,2015,23800,85792
chevrolet,door,2014,8900,129068
chevrolet,ld,2019,28300,27665
chevrolet,ld,2019,27300,25427
chevrolet,door,2013,3500,78198
chevrolet,colorado,2020,28300,13886
chevrolet,impala,2019,18300,34538
dodge,charger,2018,22500,20575
dodge,charger,2018,22500,26026
dodge,door,2012,8300,99015
dodge,caravan,2019,16500,27327
dodge,journey,2019,14500,30229
dodge,charger,2019,30000,43294
dodge,charger,2019,30000,54309
dodge,charger,2019,30000,52822
dodge,charger,2019,30000,45554
dodge,charger,2019,30000,37538
dodge,charger,2019,29500,35153
dodge,challenger,2019,21600,23783
dodge,charger,2019,22600,30759
dodge,caravan,2019,16300,38922
dodge,door,2012,8600,165836
dodge,durango,2019,28800,19235
dodge,challenger,2019,22100,9445
dodge,journey,2018,14300,19164
dodge,caravan,2018,13700,54106
dodge,challenger,2017,29500,32051
dodge,journey,2017,18500,14870
dodge,door,2016,19000,32294
dodge,challenger,2015,43400,7250
dodge,challenger,2015,46000,10145
dodge,journey,2018,12500,59924
dodge,charger,2017,13900,21304
dodge,caravan,2018,13000,52079
dodge,caravan,2018,13000,54960
dodge,door,2013,3000,80099
dodge,caravan,2019,17500,23987
dodge,door,2017,7900,84144
dodge,door,2014,8900,85639
dodge,caravan,2018,11500,50193
dodge,journey,2017,6500,74392
dodge,door,2017,8000,76117
dodge,challenger,2018,18700,36358
dodge,journey,2017,8350,90685
dodge,charger,2017,27900,54141
dodge,door,2016,14500,82240
dodge,door,2016,6200,66167
dodge,door,2012,7500,144220
dodge,caravan,2019,20200,24722
dodge,durango,2019,29300,41198
dodge,durango,2019,31000,26353
dodge,durango,2019,32400,28280
dodge,door,2012,5800,130120
dodge,charger,2019,21500,15340
dodge,charger,2018,23100,12265
dodge,van,2014,4500,94872
dodge,charger,2018,24800,17946
dodge,charger,2018,23000,26996
dodge,journey,2019,26900,5775
dodge,challenger,2018,21500,6748
dodge,journey,2018,15700,38128
dodge,caravan,2018,15200,41636
dodge,charger,2018,23300,5359
dodge,door,2015,6100,70296
dodge,journey,2017,20000,11346
dodge,challenger,2017,53000,7415
dodge,door,2013,3000,107593
dodge,door,2016,18200,50639
dodge,challenger,2019,21800,6530
dodge,charger,2016,52000,17432
dodge,charger,2019,19000,19636
dodge,challenger,2016,25000,41748
dodge,challenger,2016,36000,13162
dodge,caravan,2019,17000,32937
dodge,door,2015,25300,23095
dodge,journey,2017,14900,34432
dodge,caravan,2017,15000,48162
dodge,doors,2014,12995,68310
dodge,doors,2014,17750,48000
dodge,doors,2014,10295,105962
dodge,doors,2014,16995,96575
dodge,doors,2014,25000,13239
dodge,doors,2014,23995,24934
dodge,doors,2014,14900,46859
dodge,doors,2014,15810,44468
dodge,doors,2014,20227,62230
dodge,doors,2014,20999,37082
dodge,doors,2014,22499,23964
dodge,doors,2014,23495,11204
dodge,doors,2014,25250,7608
dodge,doors,2014,15322,49982
dodge,charger,2019,21232,4950
dodge,journey,2013,5800,111628
dodge,door,2012,29000,15927
dodge,caravan,2018,17000,36299
dodge,journey,2018,13800,28469
dodge,durango,2019,30000,29086
dodge,caravan,2017,14800,35991
dodge,journey,2017,8500,62224
dodge,door,2013,9800,86500
dodge,door,2014,4200,144725
dodge,van,2013,2500,163260
dodge,charger,2018,28700,19636
dodge,challenger,2018,18500,34272
dodge,challenger,2018,17300,42909
dodge,door,2016,7100,55749
dodge,door,2015,3250,89142
dodge,durango,2017,30700,20328
dodge,door,2012,3000,149332
dodge,durango,2019,26500,28551
dodge,charger,2019,20800,35098
dodge,charger,2019,20800,35365
dodge,door,2015,5100,88398
dodge,challenger,2019,18900,27957
dodge,durango,2019,24000,30161
dodge,challenger,2015,38800,26292
dodge,durango,2019,24500,25780
dodge,durango,2019,24500,25032
dodge,door,2016,6500,72248
dodge,durango,2019,24000,30630
dodge,door,2014,18000,86125
dodge,durango,2019,24000,30408
dodge,durango,2019,23500,35443
dodge,van,2014,4500,95377
dodge,durango,2019,25900,32724
dodge,caravan,2019,13900,45089
dodge,journey,2019,14200,35948
dodge,caravan,2019,15400,41601
dodge,challenger,2019,17500,26370
dodge,caravan,2019,17500,18271
dodge,caravan,2019,18000,9476
dodge,door,2012,25200,80899
dodge,caravan,2018,14100,57394
dodge,caravan,2018,13300,42190
dodge,caravan,2019,16200,22591
dodge,caravan,2018,13300,48681
dodge,caravan,2018,13100,42621
dodge,caravan,2017,15500,27761
dodge,door,2013,4500,107768
dodge,durango,2019,28400,14355
dodge,caravan,2019,17400,9467
dodge,door,2014,6000,122837
dodge,challenger,2019,20700,18313
dodge,challenger,2019,20300,19506
dodge,journey,2018,14000,14750
dodge,challenger,2019,22000,11280
dodge,journey,2019,17200,13944
dodge,door,2016,15000,26922
dodge,journey,2019,17500,12690
dodge,door,2013,1300,239822
dodge,door,2014,1750,74975
dodge,caravan,2019,16300,28289
dodge,caravan,2019,15700,38041
dodge,journey,2017,10000,52386
dodge,charger,2019,23100,34391
dodge,caravan,2019,14900,39515
dodge,journey,2019,16700,22074
dodge,caravan,2019,16300,28782
dodge,durango,2019,25800,30092
dodge,challenger,2019,23800,26443
dodge,journey,2019,16800,28981
dodge,journey,2019,15500,32865
dodge,door,2014,6000,117258
dodge,durango,2019,26900,16397
dodge,caravan,2019,16900,16176
dodge,caravan,2019,19500,1091
dodge,caravan,2019,15400,17472
dodge,door,2012,2300,123882
dodge,charger,2019,17000,10341
dodge,durango,2019,34000,19695
dodge,journey,2017,13700,51041
dodge,challenger,2018,19100,22646
dodge,journey,2018,11800,18138
dodge,durango,2019,27500,23987
dodge,durango,2019,26900,17160
dodge,durango,2019,27100,26929
dodge,durango,2019,27200,25815
dodge,caravan,2017,9000,81992
dodge,challenger,2019,22500,5000
dodge,door,2015,7700,62683
dodge,van,2013,4500,107224
dodge,door,2013,2200,184905
dodge,charger,2019,21500,35153
dodge,challenger,2019,18800,26474
dodge,charger,2019,21800,30943
dodge,challenger,2019,20300,17154
dodge,van,2016,8200,79637
dodge,caravan,2019,19000,12123
dodge,door,2016,8400,107822
dodge,caravan,2019,19500,10221
dodge,door,2015,7000,95278
dodge,challenger,2019,19500,13457
dodge,van,2014,8500,69936
dodge,challenger,2019,20500,13520
dodge,door,2014,4900,96922
dodge,door,2014,20800,72594
dodge,durango,2019,28500,17896
dodge,caravan,2019,21900,11088
dodge,caravan,2019,15800,29567
dodge,durango,2019,33000,15655
dodge,challenger,2019,22700,26428
dodge,charger,2019,21900,29003
dodge,charger,2019,19300,32229
dodge,durango,2019,30700,26503
dodge,challenger,2019,19300,15446
dodge,caravan,2014,13750,128556
dodge,caravan,2019,16400,23369
dodge,caravan,2019,19500,8767
dodge,caravan,2019,15100,48319
dodge,durango,2019,28500,15275
dodge,caravan,2019,15300,33826
dodge,challenger,2019,20300,16679
dodge,charger,2019,22000,26184
dodge,journey,2019,16700,21203
dodge,challenger,2019,19300,17870
dodge,durango,2019,34100,17909
dodge,caravan,2019,14600,41126
dodge,caravan,2019,18200,14098
dodge,durango,2019,33800,15003
dodge,journey,2019,15900,29105
dodge,caravan,2019,16500,34794
dodge,durango,2019,29600,20034
dodge,caravan,2019,14100,46942
dodge,caravan,2019,18200,14753
dodge,caravan,2019,18200,14359
dodge,charger,2019,24300,34922
dodge,journey,2019,15400,20944
dodge,journey,2019,19000,9877
dodge,journey,2019,19000,8949
dodge,challenger,2017,27800,13627
dodge,journey,2019,18200,18291
dodge,journey,2018,15000,38029
dodge,caravan,2017,19200,32593
dodge,caravan,2018,15500,37352
dodge,challenger,2017,24900,23030
dodge,journey,2018,15500,30671
dodge,door,2012,7600,79544
dodge,journey,2017,18400,15027
dodge,caravan,2018,14700,29115
dodge,door,2015,3900,93604
dodge,door,2015,5200,100203
dodge,caravan,2019,17200,35401
dodge,caravan,2019,18700,20279
dodge,durango,2019,32000,26090
dodge,door,2015,14500,107924
dodge,caravan,2019,19400,14906
dodge,caravan,2019,17300,34407
dodge,journey,2019,16700,18049
dodge,caravan,2019,19100,18132
dodge,door,2013,11100,109176
dodge,durango,2019,32000,25456
dodge,caravan,2019,16900,38375
dodge,charger,2017,18000,39792
dodge,caravan,2019,17800,30403
dodge,caravan,2019,18000,28252
dodge,caravan,2019,17500,31904
dodge,caravan,2018,14500,24336
dodge,caravan,2019,18500,23961
dodge,caravan,2019,18600,22919
dodge,durango,2019,32000,22863
dodge,caravan,2019,17000,38817
dodge,caravan,2019,16000,48854
dodge,caravan,2019,18000,27288
dodge,charger,2020,15900,5284
dodge,door,2016,6200,99988
dodge,door,2013,3700,84109
dodge,door,2012,24000,88539
dodge,van,2013,20800,33739
dodge,door,2012,18500,101017
dodge,challenger,2019,18300,13906
dodge,charger,2019,21000,20601
dodge,van,2013,1300,135561
dodge,charger,2019,11900,23421
dodge,van,2012,950,145174
dodge,durango,2019,26800,21309
dodge,van,2012,800,217576
dodge,caravan,2019,21000,10350
dodge,door,2012,1900,157636
dodge,durango,2019,33500,8605
dodge,door,2013,900,139404
dodge,caravan,2019,21000,10170
dodge,durango,2019,26800,22272
dodge,van,2016,5700,101906
dodge,challenger,2019,18500,27019
dodge,durango,2019,33000,10930
dodge,caravan,2019,11000,73552
dodge,caravan,2019,15800,37107
dodge,door,2013,3600,124247
dodge,caravan,2019,16300,36993
dodge,door,2015,2700,67133
dodge,caravan,2019,12800,33580
dodge,door,2015,9700,94140
dodge,journey,2019,18300,10447
dodge,charger,2019,16000,10229
dodge,caravan,2019,21000,6269
dodge,door,2014,3700,98699
dodge,durango,2019,33000,10631
dodge,caravan,2019,14700,44381
dodge,durango,2019,33000,13960
dodge,caravan,2019,15900,14051
dodge,durango,2019,33000,20800
dodge,durango,2019,33000,8873
dodge,durango,2019,32500,15502
dodge,durango,2019,33000,9669
dodge,caravan,2018,13000,50873
dodge,durango,2019,33000,14117
dodge,charger,2019,16500,46820
dodge,durango,2019,33000,7247
dodge,challenger,2017,34500,40991
dodge,durango,2019,33500,9023
dodge,durango,2018,48000,8047
dodge,durango,2019,54500,3966
dodge,caravan,2018,13200,41014
dodge,durango,2018,31500,20907
dodge,durango,2017,17400,89795
dodge,durango,2017,26000,57158
dodge,door,2013,1700,126718
dodge,door,2013,11000,83976
dodge,charger,2018,21000,12554
dodge,door,2015,5500,60707
dodge,door,2014,7500,40110
dodge,caravan,2019,15800,28038
dodge,journey,2019,16900,26643
dodge,durango,2019,25000,36127
dodge,door,2019,18000,19983
dodge,caravan,2019,15600,29926
dodge,durango,2019,23800,36750
dodge,journey,2019,16800,27312
dodge,durango,2019,22700,49575
dodge,challenger,2019,23300,30279
dodge,challenger,2019,23500,25825
dodge,durango,2019,25500,32474
dodge,challenger,2019,21800,30585
dodge,durango,2019,22800,36203
dodge,caravan,2019,18200,29602
dodge,challenger,2019,23500,28689
dodge,durango,2019,25700,31447
dodge,caravan,2019,15700,39148
dodge,journey,2018,17500,33495
dodge,caravan,2019,15700,35274
dodge,caravan,2018,16500,48745
dodge,caravan,2019,16100,31297
dodge,caravan,2019,15600,38745
dodge,caravan,2019,15400,37704
dodge,durango,2017,28200,27060
dodge,caravan,2019,15300,40002
dodge,caravan,2019,15900,34930
dodge,door,2016,17700,22863
dodge,caravan,2019,15800,36876
dodge,caravan,2019,15900,34264
dodge,charger,2019,25300,17515
dodge,caravan,2019,16300,27071
dodge,durango,2019,29500,14656
dodge,caravan,2019,14500,35652
dodge,caravan,2019,15400,30055
dodge,caravan,2019,15400,43088
dodge,caravan,2019,15100,33641
dodge,caravan,2019,15000,34797
dodge,caravan,2019,15500,43943
dodge,caravan,2019,15000,35744
dodge,caravan,2019,15200,31542
dodge,caravan,2019,15700,26899
dodge,journey,2019,16100,29985
dodge,journey,2018,16300,37009
dodge,journey,2019,16000,30731
dodge,journey,2019,16900,30062
dodge,journey,2019,17000,28295
dodge,journey,2019,17300,25534
dodge,journey,2019,15900,29716
dodge,journey,2019,15700,34294
dodge,journey,2019,16900,27643
dodge,journey,2019,15500,35516
dodge,journey,2019,15100,40674
dodge,journey,2019,15500,32494
dodge,journey,2019,15400,35047
dodge,journey,2019,16500,32898
dodge,challenger,2015,42500,13740
dodge,journey,2019,16600,23132
dodge,journey,2019,15200,37174
dodge,journey,2019,15800,34023
dodge,journey,2019,16900,30021
dodge,caravan,2017,11100,51469
dodge,journey,2019,15600,31237
dodge,journey,2019,16900,30186
dodge,journey,2019,15300,41956
dodge,journey,2019,16600,30727
dodge,durango,2017,21800,38956
dodge,charger,2018,36500,22036
dodge,durango,2019,26300,26462
dodge,challenger,2019,20900,23143
dodge,challenger,2019,20100,17340
dodge,charger,2019,26700,29749
dodge,charger,2019,23900,35248
dodge,caravan,2018,14500,40417
dodge,durango,2017,23000,30309
dodge,journey,2018,15000,42303
dodge,journey,2018,15000,35326
ford,door,2017,28500,92100
ford,door,2017,28000,99375
ford,door,2017,9000,72418
ford,doors,2015,28700,29733
ford,door,2017,25000,119439
ford,doors,2015,17347,54396
ford,door,2016,13800,91606
ford,doors,2015,25888,2807
ford,fusion,2017,8500,78739
ford,doors,2015,21289,71955
ford,doors,2015,17999,48472
ford,door,2012,2700,98470
ford,doors,2015,30977,28937
ford,doors,2015,13799,83693
ford,srw,2014,20500,90888
ford,drw,2012,8500,216942
ford,door,2015,9900,205796
ford,srw,2019,65500,6500
ford,wagon,2018,24500,39943
ford,explorer,2020,32500,5920
ford,fusion,2018,9200,71478
ford,door,2017,17700,119520
ford,fusion,2020,18300,10882
ford,srw,2019,43500,29010
ford,door,2016,15200,69003
ford,srw,2019,36200,16207
ford,mustang,2018,21900,29748
ford,wagon,2019,20700,25582
ford,fusion,2019,12300,24520
ford,door,2016,4200,104383
ford,transit,2019,19500,34164
ford,fusion,2020,14300,6975
ford,van,2016,13700,67150
ford,door,2015,13200,100820
ford,door,2014,6200,142286
ford,door,2015,6500,60015
ford,door,2013,1500,126381
ford,door,2013,2200,128753
ford,door,2013,4200,0
ford,van,2013,8700,64598
ford,door,2012,3200,111532
ford,door,2012,9000,149346
ford,edge,2018,20000,43567
ford,door,2017,33000,36004
ford,f-150,2019,23300,10935
ford,van,2017,8750,150484
ford,door,2012,11975,122014
ford,transit,2019,23600,19363
ford,explorer,2016,12000,42902
ford,f-150,2018,30900,401
ford,transit,2019,23900,11077
ford,f-150,2018,40400,34100
ford,srw,2019,38000,30018
ford,flex,2019,27000,18279
ford,transit,2019,24000,7373
ford,ranger,2019,30000,2590
ford,fusion,2019,16200,41662
ford,flex,2019,30000,15019
ford,transit,2019,23900,9420
ford,taurus,2018,13800,41864
ford,transit,2019,23700,16829
ford,f-150,2018,24300,6290
ford,srw,2019,54900,14393
ford,taurus,2018,22500,14599
ford,f-150,2018,39000,25839
ford,escape,2018,13900,60715
ford,explorer,2018,24700,23350
ford,transit,2018,20100,62386
ford,mustang,2018,22000,6248
ford,mustang,2019,38200,878
ford,transit,2018,24400,49710
ford,mustang,2018,35000,2042
ford,flex,2019,18600,7742
ford,transit,2018,22700,39733
ford,f-150,2018,38000,33701
ford,door,2014,17000,67542
ford,escape,2017,17500,35095
ford,f-150,2019,23200,8652
ford,explorer,2017,30700,51107
ford,transit,2019,23500,14987
ford,edge,2017,26400,28252
ford,transit,2019,23500,16009
ford,door,2017,38000,47866
ford,transit,2019,23600,11004
ford,edge,2017,19300,42895
ford,f-150,2019,23200,9490
ford,door,2017,13800,39027
ford,transit,2019,23600,13466
ford,f-150,2019,23200,8737
ford,door,2017,40000,23960
ford,f-150,2019,23400,5562
ford,transit,2019,23600,13763
ford,f-150,2019,23000,10444
ford,door,2017,25500,41696
ford,transit,2019,23500,15787
ford,door,2017,29900,9167
ford,transit,2019,23200,17541
ford,f-150,2017,50500,24686
ford,transit,2019,23400,15210
ford,transit,2017,24500,54601
ford,mustang,2017,49000,2205
ford,transit,2017,25400,35691
ford,flex,2017,23000,32788
ford,door,2012,6000,180471
ford,edge,2016,22400,42925
ford,edge,2016,22500,37385
ford,edge,2019,25200,15415
ford,door,2016,36000,20047
ford,edge,2019,26700,16884
ford,door,2016,30500,57936
ford,edge,2019,26700,15244
ford,edge,2019,25000,19842
ford,door,2016,35200,38830
ford,f-150,2019,30300,31899
ford,door,2016,25000,69305
ford,door,2016,26500,46098
ford,mustang,2019,21600,29457
ford,edge,2016,18800,30765
ford,mustang,2019,21500,29096
ford,door,2016,9000,40437
ford,cutaway,2015,16700,69004
ford,cutaway,2015,16800,65179
ford,cutaway,2015,15700,75862
ford,cutaway,2015,16800,68319
ford,door,2015,19500,80354
ford,door,2015,20500,51441
ford,cutaway,2015,17400,70954
ford,door,2014,17500,92500
ford,door,2014,26000,66367
ford,f-150,2019,56700,13884
ford,door,2013,5000,202565
ford,f-150,2019,40200,26484
ford,door,2013,54000,703
ford,max,2019,65200,18138
ford,srw,2017,32500,28007
ford,transit,2019,25500,11251
ford,srw,2019,63000,11640
ford,srw,2019,44000,10763
ford,drw,2019,70000,9643
ford,srw,2019,56200,33930
ford,srw,2019,35000,26451
ford,srw,2019,57700,21101
ford,drw,2019,74000,10536
ford,srw,2019,60200,31744
ford,srw,2018,60000,18062
ford,srw,2018,63000,17942
ford,door,2014,22500,43646
ford,energi,2014,8300,71989
ford,door,2012,8300,138328
ford,door,2013,21000,95386
ford,fusion,2019,19300,23740
ford,fusion,2019,16400,36064
ford,f-150,2019,27300,18805
ford,cab,2012,26400,151035
ford,mustang,2019,35100,10099
ford,f-150,2018,41500,9800
ford,mustang,2019,34100,10483
ford,f-150,2019,28600,17544
ford,mustang,2019,34100,10167
ford,ranger,2019,28700,11457
ford,edge,2019,24700,26590
ford,expedition,2019,46500,35346
ford,f-150,2019,29000,12953
ford,edge,2019,25500,26693
ford,f-150,2019,39500,25071
ford,f-150,2019,33100,33538
ford,f-150,2019,30500,9915
ford,fiesta,2018,3600,1
ford,fusion,2019,16800,9910
ford,f-150,2019,24000,16765
ford,expedition,2019,58500,4970
ford,door,2017,55000,43964
ford,f-150,2019,28800,40785
ford,door,2015,26800,108998
ford,max,2018,36000,58576
ford,wagon,2018,20000,55475
ford,drw,2019,46700,35929
ford,srw,2019,42800,21669
ford,mustang,2018,21800,16079
ford,mustang,2018,18800,41147
ford,flex,2018,18800,45798
ford,f-150,2018,30200,21703
ford,explorer,2018,27500,22284
ford,transit,2018,37500,24567
ford,mustang,2018,19100,30594
ford,flex,2018,17100,52747
ford,escape,2018,13500,21592
ford,srw,2018,54500,19853
ford,fiesta,2018,9000,25201
ford,f-150,2020,16400,10351
ford,fusion,2020,17000,1117
ford,door,2017,24800,37279
ford,door,2017,26800,30113
ford,door,2017,19400,27570
ford,flex,2017,20000,45188
ford,door,2012,7000,149712
ford,explorer,2017,25100,25030
ford,door,2013,2000,105743
ford,fusion,2020,18200,9861
ford,fusion,2018,14200,1751
ford,door,2017,56500,30629
ford,door,2016,2000,52883
ford,van,2020,26500,122
ford,srw,2019,34300,28534
ford,f-150,2017,43500,80699
ford,door,2016,3500,72851
ford,srw,2019,37200,24078
ford,door,2017,12800,38639
ford,door,2013,15000,146807
ford,door,2017,12500,31871
ford,f-150,2017,21500,76876
ford,fusion,2019,17300,28070
ford,explorer,2017,27000,3189
ford,el,2017,31800,28359
ford,door,2017,13000,42890
ford,el,2017,31800,29328
ford,door,2016,46300,47531
ford,door,2015,6000,57345
ford,door,2016,22800,67546
ford,expedition,2019,45000,18153
ford,expedition,2019,49500,17689
ford,van,2012,3000,137171
ford,door,2015,20000,63445
ford,edge,2019,25300,26422
ford,door,2015,4000,149319
ford,expedition,2019,45500,18767
ford,fiesta,2018,9100,38289
ford,expedition,2019,48000,22960
ford,max,2019,47000,17263
ford,expedition,2019,49500,16981
ford,wagon,2019,31200,13058
ford,door,2014,18500,45887
ford,escape,2019,15500,21740
ford,wagon,2019,30500,17707
ford,max,2019,45500,19121
ford,wagon,2019,31500,18856
ford,door,2013,11000,84752
ford,max,2019,46500,19555
ford,wagon,2019,31500,16340
ford,f-150,2018,32000,17242
ford,edge,2019,23900,28733
ford,wagon,2019,31500,16019
ford,taurus,2016,18500,75580
ford,door,2013,1500,113444
ford,max,2019,46000,19227
ford,wagon,2019,31500,13633
ford,van,2015,14700,37739
ford,door,2013,2700,103541
ford,expedition,2019,47500,24072
ford,wagon,2019,31500,17657
ford,door,2014,8900,77392
ford,door,2019,7000,11930
ford,expedition,2019,49000,19731
ford,wagon,2019,31500,15581
ford,door,2014,8900,70181
ford,max,2019,48000,16143
ford,max,2019,50000,17995
ford,max,2019,47300,23926
ford,f-150,2017,45000,57929
ford,max,2019,49000,20758
ford,f-150,2019,40200,10028
ford,max,2019,48000,21051
ford,door,2015,5000,136307
ford,bus,2013,8200,105880
ford,max,2019,49000,19985
ford,door,2015,4000,102590
ford,expedition,2019,39000,27612
ford,door,2015,29000,90855
ford,max,2019,46500,19936
ford,door,2015,7805,64495
ford,mustang,2018,22000,39477
ford,max,2019,18800,25698
ford,door,2015,33000,73849
ford,expedition,2019,39500,25422
ford,door,2015,16900,47866
ford,max,2019,42500,31236
ford,expedition,2019,39500,26755
ford,f-150,2018,25500,49177
ford,max,2019,49500,20749
ford,f-150,2018,25000,15003
ford,f-150,2019,40000,12247
ford,f-150,2018,26000,1
ford,f-150,2019,29500,10808
ford,f-150,2019,23000,11263
ford,f-150,2018,25500,42307
ford,f-150,2019,44500,17484
ford,escape,2019,15600,37106
ford,f-150,2019,23100,9539
ford,f-150,2019,37000,2384
ford,fusion,2019,14500,20590
ford,f-150,2019,23000,13896
ford,f-150,2019,26500,9451
ford,fusion,2017,18000,31657
ford,expedition,2019,35700,33907
ford,f-150,2019,31000,10028
ford,door,2013,2000,175640
ford,max,2019,40400,30770
ford,f-150,2019,43600,15141
ford,f-150,2019,22600,18431
ford,f-150,2019,26000,9604
ford,f-150,2019,23200,9516
ford,f-150,2019,29000,9718
ford,f-150,2019,22800,16506
ford,door,2015,3450,192108
ford,f-150,2019,31000,11028
ford,f-150,2019,22900,11313
ford,door,2014,3000,141595
ford,f-150,2019,28000,12886
ford,f-150,2019,23200,9556
ford,f-150,2019,27000,13269
ford,f-150,2019,22800,16770
ford,f-150,2019,31500,13526
ford,transit,2019,23400,16391
ford,f-150,2019,28000,11437
ford,transit,2019,23400,17964
ford,f-150,2018,28000,5440
ford,f-150,2019,24900,13035
ford,transit,2019,23500,15759
ford,f-150,2018,36000,30002
ford,f-150,2019,28700,13673
ford,fusion,2018,16000,24480
ford,f-150,2019,31000,13230
ford,f-150,2017,16500,137789
ford,f-150,2019,28500,13516
ford,escape,2017,10800,81660
ford,f-150,2019,28500,11763
ford,explorer,2017,25000,34165
ford,f-150,2019,31000,13458
ford,door,2016,7800,104867
ford,f-150,2019,28500,14004
ford,door,2016,9500,69829
ford,f-150,2019,28500,13405
ford,door,2016,14500,96151
ford,f-150,2019,25000,12688
ford,door,2016,14500,116519
ford,f-150,2019,28500,12260
ford,door,2016,12100,29367
ford,f-150,2019,29400,18982
ford,f-150,2019,24700,23795
ford,door,2016,8700,76572
ford,f-150,2019,29500,15964
ford,f-150,2019,25800,28117
ford,door,2016,17500,116730
ford,f-150,2019,23900,21055
ford,f-150,2019,22900,27794
ford,edge,2016,19500,56995
ford,f-150,2019,29500,16625
ford,f-150,2019,24500,27689
ford,door,2016,11000,39851
ford,f-150,2019,22400,31727
ford,escape,2019,15700,31586
ford,door,2015,11000,33717
ford,f-150,2019,28000,18418
ford,fusion,2019,13500,39013
ford,f-150,2013,7300,125451
ford,f-150,2019,25100,21346
ford,transit,2019,24100,21150
ford,f-150,2014,6500,103862
ford,f-150,2019,10500,22001
ford,fusion,2019,16900,31261
ford,door,2013,6000,140870
ford,f-150,2019,28500,14358
ford,fusion,2019,16200,41672
ford,f-150,2013,6500,95655
ford,flex,2019,24500,19493
ford,fusion,2019,16500,36956
ford,door,2017,56500,23223
ford,fusion,2019,10400,13085
ford,explorer,2018,22800,36124
ford,flex,2019,26500,19147
ford,flex,2019,23800,24993
ford,f-150,2018,24700,41127
ford,fusion,2019,12400,32365
ford,fusion,2019,16600,27774
ford,door,2015,11200,105027
ford,fusion,2019,15900,27806
ford,door,2015,7700,54198
ford,fusion,2019,15100,30181
ford,door,2013,7200,82670
ford,fusion,2019,15600,36305
ford,srw,2019,39700,10475
ford,fusion,2019,16000,34734
ford,door,2012,7500,186713
ford,srw,2017,15500,132150
ford,taurus,2019,19000,12928
ford,door,2015,5500,116539
ford,drw,2018,38700,59549
ford,taurus,2019,21000,12174
ford,door,2016,28500,96129
ford,drw,2018,37200,89809
ford,taurus,2019,18500,18202
ford,door,2015,15000,128505
ford,drw,2017,37700,43527
ford,transit,2019,22200,15792
ford,f-150,2019,39950,9278
ford,drw,2017,37600,41925
ford,taurus,2019,18500,16924
ford,door,2013,10000,119869
ford,taurus,2019,20500,17260
ford,door,2013,5700,89490
ford,transit,2019,21000,40772
ford,transit,2019,22500,25623
ford,f-150,2019,29000,11669
ford,door,2013,13200,138524
ford,transit,2019,25500,13644
ford,door,2016,25700,147935
ford,doors,2015,18900,44456
ford,wagon,2019,31500,20357
ford,door,2017,45500,66366
ford,door,2017,11000,43532
ford,doors,2015,18288,45218
ford,door,2017,20000,85688
ford,door,2016,36600,58902
ford,doors,2015,18299,59869
ford,escape,2017,10000,35021
ford,door,2012,4100,100264
ford,door,2015,30995,157057
ford,door,2012,1750,181316
ford,wagon,2019,31500,23222
ford,door,2016,13500,87686
ford,door,2014,7500,162918
ford,door,2017,650,0
ford,wagon,2019,22800,32526
ford,door,2016,11300,69402
ford,door,2014,32700,76336
ford,door,2012,1350,163334
ford,wagon,2019,21900,47628
ford,door,2014,11700,135283
ford,door,2014,6500,147903
ford,door,2014,9800,74181
ford,door,2014,11000,77386
ford,door,2014,1150,123349
ford,cutaway,2013,13000,136661
ford,door,2013,5500,109600
ford,door,2014,6000,125369
ford,door,2013,11200,122861
ford,door,2016,5000,110826
ford,f-150,2019,23400,12198
ford,door,2019,13500,45512
ford,f-150,2019,22900,15656
ford,fusion,2020,20000,23984
ford,f-150,2019,22900,15821
ford,mustang,2020,27000,12748
ford,expedition,2019,54500,9865
ford,fusion,2020,20600,17858
ford,f-150,2019,23500,6711
ford,expedition,2019,53000,14939
ford,transit,2019,23600,15820
ford,wagon,2019,33500,6140
ford,edge,2019,24400,25552
ford,focus,2016,13000,54984
ford,max,2019,48400,24783
ford,door,2014,26500,148442
ford,max,2019,46200,34191
ford,door,2013,9300,82072
ford,door,2012,13500,104559
ford,edge,2019,27600,13265
ford,door,2013,7400,133314
ford,edge,2019,26500,22458
ford,door,2013,26000,70106
ford,edge,2019,24500,23712
ford,door,2012,2100,101848
ford,ecosport,2019,16700,14994
ford,edge,2015,17500,59726
ford,escape,2019,17000,16448
ford,door,2015,22500,28801
ford,f-150,2019,34500,28938
ford,ecosport,2019,16600,19022
ford,door,2014,7500,93832
ford,f-150,2019,34500,25046
ford,edge,2019,25000,22318
ford,f-150,2019,36000,17301
ford,edge,2019,23700,27413
ford,explorer,2019,28600,39733
ford,door,2013,23500,74195
ford,explorer,2019,25300,44383
ford,flex,2019,24900,19151
ford,f-750,2012,20300,188394
ford,fusion,2020,23400,2452
ford,fusion,2019,14600,36252
ford,f-150,2019,25500,27136
ford,fusion,2019,14700,35951
ford,f-150,2019,33700,35221
ford,f-150,2019,33400,33808
ford,f-150,2019,34000,32022
ford,fusion,2019,17500,34173
ford,fusion,2019,14100,24272
ford,f-150,2019,30000,19055
ford,fusion,2019,16500,34822
ford,f-150,2019,30600,15422
ford,ecosport,2019,12800,24765
ford,wagon,2019,26000,23019
ford,max,2019,46000,38243
ford,ranger,2019,28500,16509
ford,edge,2019,24300,18762
ford,explorer,2019,29000,28854
ford,escape,2019,15300,17392
ford,mustang,2019,27900,13558
ford,edge,2019,24700,27082
ford,escape,2019,14400,17510
ford,ecosport,2019,15000,24662
ford,door,2014,17200,96076
ford,ecosport,2019,12800,22858
ford,explorer,2020,46900,740
ford,door,2013,2800,110748
ford,escape,2019,16200,25090
ford,escape,2020,25200,7
ford,max,2019,34800,34277
ford,srw,2019,52000,34527
ford,door,2017,26000,99923
ford,expedition,2019,40600,39170
ford,srw,2019,55000,16569
ford,door,2015,5000,80612
ford,max,2019,36400,36616
ford,door,2015,7500,92165
ford,escape,2019,14700,44778
ford,explorer,2020,43900,2089
ford,door,2013,6400,91652
ford,expedition,2019,41100,35801
ford,door,2013,23000,88781
ford,escape,2019,13900,36978
ford,door,2012,19000,189776
ford,max,2019,34800,35233
ford,door,2012,22000,151641
ford,escape,2019,16300,37044
ford,escape,2019,18800,15835
ford,cab,2012,13000,201187
ford,max,2019,40900,41928
ford,expedition,2019,47000,37059
ford,door,2017,12800,33763
ford,explorer,2019,25500,29850
ford,escape,2019,17800,26675
ford,f-150,2019,25700,17828
ford,escape,2019,17200,29632
ford,srw,2019,35000,11544
ford,f-150,2019,28800,21976
ford,max,2019,39200,43617
ford,escape,2019,13600,49254
ford,f-150,2019,24200,51589
ford,max,2019,46900,41399
ford,f-150,2019,26500,11734
ford,explorer,2019,24700,41628
ford,focus,2017,12600,15075
ford,f-150,2019,31800,26591
ford,f-150,2019,24500,22906
ford,f-150,2019,26000,33462
ford,f-150,2017,21000,32747
ford,f-150,2019,22500,33717
ford,door,2017,7700,85218
ford,f-150,2019,23100,23512
ford,door,2017,9200,57853
ford,mustang,2019,19600,33324
ford,door,2016,11700,23803
ford,mustang,2019,27300,31260
ford,edge,2016,14300,69428
ford,transit,2019,23600,15755
ford,door,2016,6200,90946
ford,wagon,2019,22400,51370
ford,door,2016,5700,99941
ford,transit,2019,23600,15456
ford,door,2016,4600,141603
ford,srw,2019,37500,2382
ford,van,2016,10700,99544
ford,srw,2019,31900,21546
ford,mustang,2019,31600,16293
ford,escape,2018,12600,40375
ford,door,2013,5300,143191
ford,fiesta,2018,3900,363
ford,edge,2015,13000,59656
ford,ecosport,2018,11800,37878
ford,edge,2019,24600,20628
ford,door,2014,14500,71205
ford,explorer,2018,24300,26186
ford,fusion,2018,12300,38157
ford,door,2016,14800,30325
ford,mustang,2018,17100,31561
ford,door,2016,6800,66655
ford,explorer,2018,20300,19029
ford,f-150,2018,26300,11739
ford,door,2016,22500,50423
ford,srw,2019,41200,25638
ford,door,2017,20400,59798
ford,drw,2019,49900,5035
ford,escape,2017,12100,32284
ford,door,2016,24000,40371
ford,escape,2017,9500,107569
ford,door,2017,9000,96451
ford,escape,2017,9800,94851
ford,door,2017,7800,108727
ford,f-150,2017,17200,91979
ford,explorer,2017,18800,76258
ford,door,2014,9800,147574
ford,door,2013,7000,104764
ford,max,2019,44000,16934
ford,transit,2019,23400,13822
ford,transit,2019,30700,5250
ford,escape,2019,15600,33451
ford,f-150,2019,22600,14291
ford,f-150,2019,22900,16725
ford,f-150,2019,22800,13002
ford,f-150,2019,22700,18902
ford,f-150,2019,23000,9732
ford,f-150,2019,22700,18947
ford,f-150,2019,23000,8402
ford,f-150,2019,34400,17450
ford,srw,2016,36500,53986
ford,f-150,2019,23100,15848
ford,f-150,2019,23300,10770
ford,f-150,2019,22600,14587
ford,door,2016,4500,98625
ford,f-150,2019,23000,10916
ford,door,2014,8000,107173
ford,fiesta,2019,11500,10134
ford,door,2017,9400,43056
ford,f-150,2019,23000,10655
ford,door,2012,2800,173601
ford,transit,2019,22600,14231
ford,transit,2019,23000,8985
ford,door,2016,5200,84338
ford,door,2017,19200,104290
ford,door,2017,10100,45592
ford,door,2015,6200,103960
ford,explorer,2016,14000,110333
ford,door,2015,5000,138516
ford,door,2016,9200,49094
ford,door,2016,14700,97526
ford,door,2014,3000,87420
ford,door,2015,30200,67052
ford,door,2013,3800,58913
ford,door,2013,3200,999999
ford,van,2015,21500,14482
ford,door,2016,4900,57084
ford,expedition,2017,23000,90251
ford,door,2014,11200,97320
ford,door,2014,10400,80652
ford,door,2014,13200,99816
ford,door,2013,5200,115429
ford,door,2015,10500,85549
ford,bus,2013,11900,83030
ford,door,2014,21200,130168
ford,door,2013,23500,80090
ford,door,2013,4700,118593
ford,door,2014,11100,143704
ford,door,2015,22000,53507
ford,door,2013,14000,48408
ford,door,2013,9200,109672
ford,edge,2019,23300,28549
ford,door,2012,21700,114500
ford,door,2012,11200,67140
ford,escape,2018,11300,42168
ford,cutaway,2015,4200,80032
ford,focus,2018,10900,52240
ford,max,2019,42300,34874
ford,door,2014,10500,119689
ford,max,2019,43400,37355
ford,door,2016,12500,100947
ford,escape,2019,15900,26040
ford,max,2019,42500,36638
ford,door,2015,15000,137004
ford,edge,2019,24700,31794
ford,door,2015,15500,131106
ford,expedition,2019,49000,22013
ford,door,2017,29000,42291
ford,escape,2019,16800,13155
ford,max,2019,51000,24869
ford,escape,2019,16500,18454
ford,d,2016,10000,16694
ford,explorer,2019,27900,28922
ford,edge,2019,23700,23534
ford,dr,2012,20000,24581
ford,max,2019,45600,35646
ford,cab,2012,6000,129873
ford,escape,2019,15600,28669
ford,explorer,2017,25000,32454
ford,explorer,2019,28500,21800
ford,cutaway,2014,8000,231769
ford,doors,2016,19990,23796
ford,max,2019,34400,42506
ford,doors,2016,30999,6249
ford,expedition,2019,41000,47496
ford,doors,2016,27999,10700
ford,expedition,2019,42000,39604
ford,cutaway,2013,8000,250831
ford,doors,2016,29795,7275
ford,edge,2019,24700,8806
ford,doors,2016,13995,105115
ford,door,2015,2900,57340
ford,max,2019,35400,36167
ford,doors,2016,24549,44941
ford,door,2014,8900,53102
ford,escape,2019,15800,26637
ford,doors,2016,18500,45814
ford,f-150,2019,32000,17310
ford,explorer,2019,28300,24116
ford,d,2019,10500,14128
ford,doors,2016,24970,49882
ford,fusion,2019,13800,38964
ford,door,2012,2580,102705
ford,f-150,2019,59975,71
ford,door,2012,2500,98620
ford,doors,2016,28990,15825
ford,max,2019,50000,29499
ford,door,2014,33800,100255
ford,f-150,2019,59975,174
ford,door,2013,2500,167552
ford,doors,2016,46999,16956
ford,fusion,2019,16700,36896
ford,door,2013,34700,77281
ford,f-150,2019,28900,24795
ford,doors,2016,30800,16771
ford,f-150,2019,27100,28692
ford,door,2012,13388,113821
ford,f-150,2019,26000,19793
ford,doors,2016,17900,27940
ford,flex,2019,23400,24987
ford,mustang,2016,29800,18367
ford,flex,2019,23700,14109
ford,door,2012,1725,158781
ford,doors,2016,33995,27369
ford,flex,2019,23500,30208
ford,explorer,2019,32500,24024
ford,door,2016,2500,64999
ford,f-150,2019,39000,8404
ford,focus,2018,11000,8884
ford,explorer,2019,32500,24126
ford,door,2012,800,129659
ford,f-150,2019,26900,31713
ford,edge,2016,11200,109996
ford,doors,2018,21000,6821
ford,f-150,2019,32000,17867
ford,door,2016,7300,110253
ford,escape,2018,12800,39364
ford,doors,2018,24190,4018
ford,f-150,2019,29100,21054
ford,door,2017,29000,48309
ford,door,2016,17300,68666
ford,doors,2018,19888,34071
ford,f-150,2019,31000,13600
ford,door,2017,37200,44956
ford,door,2016,8600,72607
ford,doors,2018,24857,33815
ford,flex,2019,23500,31491
ford,f-150,2018,26100,32149
ford,hybrid,2016,10800,26654
ford,doors,2018,20995,36637
ford,f-150,2019,29300,17000
ford,f-150,2018,33100,15960
ford,door,2016,13800,40774
ford,doors,2018,19498,40338
ford,fusion,2019,14900,40505
ford,door,2016,8700,30735
ford,mustang,2019,20600,33965
ford,door,2018,5000,7339
ford,doors,2018,19995,42470
ford,fusion,2019,14900,40670
ford,door,2016,19500,41233
ford,wagon,2019,24500,13162
ford,fusion,2018,15000,38744
ford,doors,2018,26985,14023
ford,f-150,2019,31000,9741
ford,explorer,2017,24300,31017
ford,fusion,2019,16800,37786
ford,mustang,2018,17200,32415
ford,doors,2018,34995,10421
ford,wagon,2019,24300,29305
ford,explorer,2017,26400,51309
ford,fusion,2019,16800,38001
ford,escape,2018,15500,18849
ford,doors,2018,19440,43269
ford,fusion,2019,16700,36989
ford,door,2017,29000,29320
ford,hybrid,2019,16100,34244
ford,mustang,2018,17200,32938
ford,doors,2018,20950,40793
ford,door,2017,46200,94741
ford,mustang,2019,29400,25011
ford,door,2014,2825,363810
ford,doors,2018,32999,6881
ford,door,2014,6600,80423
ford,door,2017,50200,92405
ford,ranger,2019,28300,15436
ford,door,2017,12000,104665
ford,doors,2018,32999,16194
ford,door,2014,12600,48188
ford,focus,2017,5200,65164
ford,mustang,2019,20500,35930
ford,door,2012,1200,167376
ford,doors,2018,35999,13674
ford,srw,2019,41000,9235
ford,door,2017,33100,103002
ford,ranger,2019,23500,12836
ford,doors,2015,18799,137728
ford,doors,2018,33999,6921
ford,srw,2019,35000,14359
ford,wagon,2017,26100,58118
ford,fusion,2019,15400,31124
ford,doors,2015,25998,25734
ford,doors,2018,31831,14059
ford,srw,2019,40400,13472
ford,door,2013,15400,123983
ford,hybrid,2019,13500,35023
ford,doors,2015,25995,39509
ford,doors,2018,27990,4512
ford,doors,2015,23985,51884
ford,doors,2018,27995,4181
ford,doors,2015,13995,56703
ford,doors,2018,29988,4712
ford,doors,2015,12995,102800
ford,doors,2018,21687,7109
ford,door,2016,25200,100943
ford,doors,2015,29590,3915
ford,doors,2018,28999,15550
ford,doors,2015,13942,62542
ford,taurus,2018,15300,38370
ford,ranger,2020,35400,671
ford,door,2016,32700,61477
ford,doors,2015,13995,73891
ford,door,2014,1850,168805
ford,door,2012,15800,82564
ford,door,2016,36000,85649
ford,doors,2015,15495,48374
ford,door,2012,21500,11990
ford,door,2016,7200,64111
ford,doors,2015,17589,28771
ford,door,2015,31700,126708
ford,doors,2015,31790,27165
ford,van,2015,18100,106546
ford,doors,2015,14495,54778
ford,fusion,2020,15000,11729
ford,door,2015,26400,85197
ford,doors,2015,27990,19130
ford,expedition,2015,19700,72369
ford,doors,2015,15300,59646
ford,door,2014,22000,68418
ford,doors,2015,23999,8400
ford,doors,2015,16488,45084
ford,doors,2015,12784,67037
ford,doors,2015,23400,64135
ford,door,2017,9705,72377
ford,doors,2015,25999,39367
ford,doors,2015,34977,46540
ford,doors,2015,19000,40677
ford,doors,2015,15995,69438
ford,doors,2015,13487,96246
ford,doors,2015,18707,69719
ford,doors,2015,15290,75933
ford,doors,2015,15600,54325
ford,expedition,2019,47000,24902
ford,doors,2015,16080,31793
ford,max,2019,50000,16505
ford,doors,2015,15268,74361
ford,max,2019,47500,27868
ford,doors,2015,18497,34011
ford,escape,2019,10000,19993
ford,suv,2015,19995,48115
ford,max,2019,49000,22543
ford,doors,2015,17150,67091
ford,expedition,2019,45000,28790
ford,doors,2015,14295,59391
ford,max,2019,49000,18449
ford,doors,2015,16190,71824
ford,expedition,2019,49000,19304
ford,doors,2015,17899,39159
ford,flex,2019,26000,18708
ford,doors,2015,14000,79430
ford,flex,2019,15500,12393
ford,doors,2015,16888,56329
ford,f-150,2019,28000,12155
ford,door,2014,8305,63291
ford,doors,2015,21822,36041
ford,mustang,2019,15500,25810
ford,door,2015,12500,130388
ford,doors,2015,15995,23878
ford,transit,2019,16000,15460
ford,max,2018,38200,46710
ford,doors,2015,12995,65342
ford,doors,2015,14488,64061
ford,door,2016,17500,93164
ford,doors,2015,21995,35629
ford,connect,2015,8500,118483
ford,doors,2015,16593,71573
ford,door,2017,13000,33660
ford,doors,2015,14247,61168
ford,door,2017,23500,42241
ford,doors,2015,16999,21004
ford,door,2017,25000,45003
ford,doors,2015,20159,45278
ford,door,2017,31000,1
ford,edge,2018,22500,24747
ford,door,2017,29500,48707
ford,max,2020,59900,2162
ford,f-150,2017,24000,50874
ford,f-150,2017,20500,70727
ford,explorer,2019,27200,29382
ford,f-150,2018,24900,33194
ford,door,2017,24500,52084
ford,expedition,2018,34000,51122
ford,door,2017,28000,40286
ford,f-150,2017,27000,55420
ford,wagon,2018,34000,10282
ford,door,2017,42500,85278
ford,explorer,2018,33000,7258
ford,escape,2018,10200,93350
ford,explorer,2019,25600,37166
ford,f-150,2018,16300,69480
ford,door,2016,26500,34679
ford,f-150,2018,36500,24151
ford,explorer,2019,25900,32796
ford,door,2016,22500,67979
ford,f-150,2018,29000,18690
ford,door,2012,825,78072
ford,door,2016,10500,54251
ford,f-150,2018,32000,32262
ford,f-650,2015,27700,92358
ford,door,2015,4000,90740
ford,f-150,2018,38800,35225
ford,f-650,2015,26200,129063
ford,wagon,2018,19500,49985
ford,escape,2015,11700,52340
ford,f-150,2018,34000,21406
ford,srw,2019,38600,16619
ford,door,2015,21500,41293
ford,f-150,2018,38500,37053
ford,f-150,2018,38500,34532
ford,taurus,2017,12000,13328
ford,f-150,2018,30500,56836
ford,door,2016,11300,48080
ford,f-150,2018,29500,12271
ford,expedition,2014,16100,97318
ford,f-150,2018,32500,12717
ford,mustang,2019,29000,12764
ford,f-150,2018,30000,19951
ford,explorer,2019,26000,32458
ford,f-150,2018,26000,21616
ford,escape,2019,18500,17755
ford,door,2017,12000,73846
ford,f-150,2018,30000,15771
ford,escape,2019,14700,29168
ford,door,2017,25000,159182
ford,f-150,2018,26550,15296
ford,explorer,2019,27000,30476
ford,door,2016,34000,131754
ford,f-150,2018,27500,26095
ford,f-150,2018,25500,22107
ford,ecosport,2019,13500,31207
ford,door,2015,4000,112810
ford,f-150,2018,25700,19058
ford,door,2015,29000,109137
ford,f-150,2018,30500,24058
ford,f-150,2018,30000,6967
ford,door,2014,9000,118340
ford,f-150,2018,19000,36145
ford,explorer,2019,25800,33942
ford,f-150,2018,26500,38868
ford,explorer,2019,29300,36190
ford,fiesta,2018,6300,37177
ford,explorer,2019,25400,39267
ford,f-150,2018,26000,33350
ford,focus,2017,7000,57889
ford,f-150,2018,25900,34081
ford,fiesta,2019,9700,26821
ford,f-150,2018,27000,40577
ford,fiesta,2019,9100,52355
ford,f-150,2018,28000,30620
ford,flex,2019,25700,22019
ford,f-150,2018,27500,36742
ford,fiesta,2019,9400,32473
ford,f-150,2018,25500,43406
ford,flex,2019,20500,34696
ford,f-150,2018,21500,43519
ford,hybrid,2019,12800,37716
ford,f-150,2018,23900,41627
ford,fiesta,2019,9400,29986
ford,f-150,2018,26900,41496
ford,flex,2019,25500,20613
ford,f-150,2018,27000,33475
ford,fiesta,2019,9300,32305
ford,fusion,2018,14400,38148
ford,flex,2019,19000,39976
ford,fusion,2018,14000,50513
ford,fusion,2019,13600,31408
ford,transit,2018,19200,41351
ford,fusion,2019,13600,32038
ford,transit,2018,18600,38279
ford,fusion,2019,13700,30471
ford,transit,2018,18200,41569
ford,fusion,2019,13800,31142
ford,wagon,2018,22000,31598
ford,fusion,2019,13700,31380
ford,wagon,2018,28000,22179
ford,fusion,2019,13800,29266
ford,transit,2018,18600,42156
ford,fusion,2019,13700,30875
ford,fusion,2019,13700,30609
ford,fusion,2019,13800,29508
ford,hybrid,2019,17700,12837
ford,fusion,2019,13900,29633
ford,fusion,2019,13900,27461
ford,f-650,2018,50500,74961
ford,fusion,2019,13600,32154
ford,srw,2018,55000,37245
ford,fusion,2019,13800,29345
ford,srw,2018,56000,25371
ford,fusion,2019,13800,30054
ford,srw,2018,45800,11173
ford,fusion,2019,13800,30902
nissan,sentra,2018,5500,31231
nissan,altima,2020,14400,10728
nissan,sport,2018,11450,35374
nissan,sport,2018,11000,36715
nissan,sport,2018,11450,33437
nissan,sport,2018,11000,36788
nissan,sport,2018,11200,35491
nissan,sport,2018,11400,33644
nissan,sport,2018,11450,35831
nissan,sport,2018,11050,35050
nissan,sport,2018,11400,34924
nissan,sport,2018,11050,34962
nissan,sport,2018,10850,39985
nissan,sport,2018,10900,38816
nissan,sport,2018,10450,41579
nissan,sport,2018,10800,40455
nissan,sport,2018,10850,39996
nissan,sport,2018,10800,41077
nissan,sport,2018,10850,39183
nissan,sport,2018,10800,40478
nissan,sport,2018,10900,38806
nissan,sport,2018,10400,45331
nissan,sport,2018,10500,43531
nissan,sport,2018,10800,41033
nissan,sport,2018,10800,40332
nissan,frontier,2019,11200,22319
nissan,rogue,2019,11100,22305
nissan,maxima,2019,12200,36996
nissan,sentra,2019,4000,1
nissan,versa,2019,9000,27611
nissan,rogue,2019,14900,26516
nissan,rogue,2019,4600,31397
nissan,versa,2019,6400,18300
nissan,note,2019,10400,26743
nissan,versa,2019,7800,15832
nissan,sport,2019,12300,31939
nissan,sentra,2019,10900,31037
nissan,versa,2019,8500,22521
nissan,versa,2019,7300,31335
nissan,versa,2019,5900,28315
nissan,armada,2017,20000,83437
nissan,altima,2018,11200,42250
nissan,rogue,2018,14400,45732
nissan,pathfinder,2018,16500,49185
nissan,rogue,2017,13400,45826
nissan,door,2017,12500,36844
nissan,door,2013,6500,104343
nissan,pathfinder,2018,19800,34138
nissan,versa,2018,8800,34761
nissan,rogue,2018,12800,32656
nissan,versa,2018,8800,34837
nissan,altima,2019,3500,30099
nissan,sentra,2018,750,37088
nissan,door,2017,10800,41729
nissan,titan,2017,22300,17195
nissan,sedan,2018,8300,43064
nissan,sedan,2018,8300,47510
nissan,sedan,2018,8000,52571
nissan,frontier,2018,15200,12129
nissan,sedan,2017,6700,62280
nissan,door,2017,7500,74859
nissan,door,2017,10500,59508
nissan,juke,2017,8400,58529
nissan,door,2015,7000,24396
nissan,armada,2020,25500,10317
nissan,door,2017,4100,37619
nissan,altima,2020,13900,15160
nissan,door,2015,1900,91898
nissan,pathfinder,2017,14700,31198
nissan,door,2013,1900,144015
nissan,titan,2017,18800,15621
nissan,versa,2018,7800,54815
nissan,door,2016,13500,53011
nissan,versa,2018,8000,56255
nissan,door,2013,3300,100225
nissan,sentra,2017,7200,54117
nissan,door,2017,8000,54119
nissan,door,2012,1280,162176
nissan,rogue,2018,14000,37655
nissan,door,2015,3500,101178
nissan,door,2012,600,206142
nissan,sport,2018,12500,43187
nissan,door,2013,5800,105590
nissan,versa,2018,8000,53903
nissan,door,2015,2200,73382
nissan,versa,2018,8300,48977
nissan,door,2016,7500,77504
nissan,versa,2018,8000,50871
nissan,door,2012,3500,107734
nissan,versa,2018,8000,53098
nissan,door,2012,2000,159990
nissan,versa,2018,7800,51552
nissan,versa,2018,8000,54692
nissan,frontier,2019,18500,18611
nissan,versa,2018,8000,51654
nissan,frontier,2019,18300,24046
nissan,versa,2018,7500,65184
nissan,armada,2019,29800,37398
nissan,rogue,2020,21100,19597
nissan,rogue,2019,16200,34122
nissan,doors,2015,6998,43651
nissan,rogue,2020,14700,15387
nissan,cargo,2020,19000,264
nissan,door,2016,7500,58126
nissan,doors,2015,7998,62921
nissan,doors,2015,10999,43279
nissan,door,2012,2900,117844
nissan,doors,2015,8495,45043
nissan,murano,2016,19925,42837
nissan,sentra,2018,9500,42782
nissan,doors,2015,12750,24629
nissan,door,2015,22800,35902
nissan,doors,2015,11621,12840
nissan,doors,2015,11590,63933
nissan,door,2012,4700,100079
nissan,doors,2015,11390,37953
nissan,rogue,2017,14500,8677
nissan,rogue,2020,12000,11583
nissan,altima,2020,15000,14320
nissan,door,2016,7500,19723
nissan,armada,2018,28000,29554
nissan,maxima,2018,17500,39309
nissan,maxima,2018,18000,34951
nissan,sport,2018,13200,35870
nissan,altima,2018,17000,44423
nissan,xterra,2012,6700,92982
nissan,murano,2018,23300,36844
nissan,titan,2018,26800,33605
nissan,sport,2018,18200,28009
nissan,rogue,2018,18700,41366
nissan,door,2016,12900,98354
nissan,rogue,2018,16000,39598
nissan,rogue,2020,19400,21009
nissan,sentra,2018,10900,28880
nissan,sport,2018,15800,28626
nissan,rogue,2020,19800,14850
nissan,rogue,2018,19000,41096
nissan,rogue,2020,18000,12748
nissan,rogue,2020,19800,14531
nissan,rogue,2020,19700,15931
nissan,rogue,2020,20100,10875
nissan,frontier,2019,19700,31172
nissan,frontier,2019,23400,16248
nissan,frontier,2019,23300,18137
nissan,altima,2019,17500,25664
nissan,altima,2019,17100,31026
nissan,altima,2019,15800,41287
nissan,altima,2019,13600,43612
nissan,altima,2019,14400,29545
nissan,frontier,2019,19800,24303
nissan,altima,2019,17200,29661
nissan,frontier,2019,20300,18857
nissan,frontier,2019,20500,14470
nissan,altima,2019,16500,42364
nissan,altima,2019,16000,37108
nissan,altima,2019,14600,26432
nissan,rogue,2019,16300,24174
nissan,sport,2019,15400,30756
nissan,rogue,2019,15800,32473
nissan,sport,2019,15800,22947
nissan,murano,2018,21400,17127
nissan,kicks,2019,15300,20793
nissan,pathfinder,2019,20100,32519
nissan,sentra,2019,11300,26930
nissan,sentra,2019,10700,40839
nissan,rogue,2018,16000,44732
nissan,rogue,2019,16600,19292
nissan,sport,2019,15800,24155
nissan,sentra,2019,11600,33369
nissan,rogue,2017,15000,28918
nissan,rogue,2019,17600,21623
nissan,xd,2017,36300,16224
nissan,sport,2019,15600,26406
nissan,rogue,2017,14000,27790
nissan,rogue,2019,16600,19182
nissan,sentra,2017,12600,11837
nissan,pathfinder,2019,20900,21774
nissan,door,2017,12700,17738
nissan,sport,2019,15600,27206
nissan,rogue,2019,18900,20508
nissan,sport,2019,15700,24987
nissan,pathfinder,2019,21900,21273
nissan,pathfinder,2019,21700,23863
nissan,rogue,2016,14600,31566
nissan,sentra,2019,12000,25261
nissan,pathfinder,2019,21000,20628
nissan,door,2017,12500,48765
nissan,rogue,2019,15900,30645
nissan,door,2017,11800,60158
nissan,versa,2019,9900,39985
nissan,sentra,2018,10600,39208
nissan,sentra,2018,10100,45080
nissan,sport,2018,13300,39247
nissan,sentra,2018,10100,46382
nissan,sentra,2018,10300,39893
nissan,sentra,2018,10300,41203
nissan,sentra,2018,10300,40648
nissan,murano,2018,24000,31551
nissan,sentra,2018,10400,38761
nissan,sentra,2018,10200,42838
nissan,versa,2018,9500,41557
nissan,sentra,2018,10500,41136
nissan,sentra,2018,10500,41141
nissan,door,2016,3500,115716
nissan,versa,2018,9300,52260
nissan,rogue,2016,14100,22041
nissan,door,2012,2425,161836
nissan,door,2012,925,83720
nissan,rogue,2016,11000,37605
nissan,rogue,2016,11000,63738
nissan,door,2013,2100,155704
nissan,door,2012,800,234792
nissan,pathfinder,2018,20400,24143
nissan,door,2017,375,1
nissan,door,2015,3000,132655
nissan,rogue,2017,15100,28079
nissan,door,2015,4000,74906
nissan,door,2017,19500,53155
nissan,titan,2017,22600,94258
nissan,door,2014,6500,65620
nissan,door,2012,11800,92878
nissan,pathfinder,2017,20500,25918
nissan,rogue,2018,14200,37830
nissan,frontier,2018,22000,13875
nissan,frontier,2018,16200,6024
nissan,door,2016,4800,76789
nissan,sport,2018,16000,30409
nissan,sport,2018,14300,44864
nissan,pathfinder,2019,16800,42397
nissan,sentra,2018,11900,16778
nissan,door,2015,3000,99767
nissan,rogue,2019,15000,34692
nissan,rogue,2019,15200,30721
nissan,door,2017,18000,53376
nissan,nvp,2016,22700,21282
nissan,door,2015,3800,81699
nissan,door,2018,5475,33048
nissan,sentra,2018,11400,10372
nissan,pathfinder,2018,28100,8889
nissan,sentra,2017,3500,127780
nissan,murano,2016,15200,59640
nissan,door,2015,1950,83975
nissan,rogue,2016,13400,46178
nissan,altima,2018,12500,34460
nissan,pathfinder,2018,16500,30594
nissan,pathfinder,2018,16500,39817
nissan,pathfinder,2018,16500,40419
nissan,rogue,2018,13900,35493
nissan,rogue,2018,13900,37073
nissan,door,2013,1500,98384
nissan,pathfinder,2018,16500,34640
nissan,rogue,2018,13900,38760
nissan,pathfinder,2018,16500,34841
nissan,rogue,2018,13900,35065
nissan,altima,2018,12400,37741
nissan,altima,2018,13000,27488
nissan,pathfinder,2018,16500,37452
nissan,rogue,2018,13900,39797
nissan,pathfinder,2018,16500,36714
nissan,rogue,2018,13900,36207
nissan,rogue,2018,13900,38563
nissan,rogue,2018,13900,39885
nissan,altima,2018,12100,41852
nissan,pathfinder,2018,16500,39454
nissan,pathfinder,2018,16500,40203
nissan,rogue,2018,13900,34547
nissan,door,2015,3700,75858
nissan,pathfinder,2019,18800,31123
nissan,versa,2018,9200,33808
nissan,titan,2019,30100,30599
nissan,versa,2018,9200,33931
nissan,sentra,2019,11100,40359
nissan,rogue,2018,13900,44313
nissan,versa,2018,9100,33078
nissan,frontier,2019,22800,24320
nissan,rogue,2018,13900,42502
nissan,altima,2019,12600,33497
nissan,versa,2018,9200,39577
nissan,altima,2019,12100,36974
nissan,versa,2018,9200,41220
nissan,frontier,2019,2300,1
nissan,rogue,2018,13900,41539
nissan,sentra,2019,9500,19646
nissan,rogue,2018,13900,39924
nissan,note,2019,1700,33279
nissan,rogue,2018,13900,40259
nissan,sentra,2019,10400,25264
nissan,versa,2018,9200,35677
nissan,versa,2019,7400,35511
nissan,versa,2018,9200,33027
nissan,versa,2019,7800,23609
nissan,versa,2018,9200,34553
nissan,versa,2018,9200,31594
nissan,versa,2018,9200,32557
nissan,versa,2018,9200,31371
